Region,Program,Rebate,Cap,Plan required,DIY OK,Open (9/30/26),Source
Chesapeake,Montgomery County RainScapes Rewards Rebates,Rain garden $10/sq ft; conservation landscape $5/sq ft (no ponding) or $6/sq ft (with 3 in. ponding),"$7,500 per residential parcel (lifetime); $20,000 commercial/HOA/multi…",Yes. Plan must be approved after county site assessment; pla…,Yes - county FAQ addresses homeowners de…,Yes - 'currently accepting applications' per county RainScap…,https://www.montgomerycountymd.gov/propertycare/rainscapes
Chesapeake,City of Rockville RainScapes Rebate Program,Rain garden $10/sq ft (min 75 sq ft); conservation landscaping $6/sq ft with soil improvement or $5/sq ft with…,"$5,000 lifetime per property",Yes (pre-approval),Yes - not prohibited; receipts-based; pr…,Yes - 'Program Status: OPEN' on CBT page; Rockville news 202…,https://cbtrust.org/grants/rockville-rainscapes-rebate/
Chesapeake,City of Gaithersburg RainScapes Reward Program,"Rain garden $10/sq ft (min 75 sq ft); conservation landscaping $6/sq ft w/ soil improvement, $5 without (min 2…","$5,000 per property owner (residential & nonprofit)",Yes,Yes for planted practices (only permeabl…,Rolling FY27 instructions dated 7.2.26 exist; live open stat…,https://cbtrust.org/wp-content/uploads/City-of-Gaithersburg-RainScapes-Reward-Application-Instructions_FY27_7.2.26.pdf
Chesapeake,Prince George's County Rain Check Rebate,"Rain garden $10/sq ft (min 100 sq ft); conservation landscaping $5/sq ft (min 250 sq ft; Track 3 min 1,000 sq …","$6,000 lifetime per residential property; $20,000 commercial/nonprofit",Yes,Yes - fact sheet: 'You can do this proje…,Yes - CBT page shows OPEN (page modified 2026-09-11),https://cbtrust.org/grants/prince-georges-county-rain-check-rebate/
Chesapeake,DC RiverSmart Rain Garden Rebate,"CONFLICT: DOEE live page says $41/sq ft of garden area, max $3,000. Alliance page / 2020-2021 Homeowner Guide …","$3,000 (DOEE page) vs $2,200 (2020/2021 guide); cannot exceed project …",Yes - design sketch,Yes - DIY or contractor,Appears active on DOEE page; explicit 2026 status UNVERIFIED,https://doee.dc.gov/node/1232796
Chesapeake,Howard County Clean Water Howard - CleanScapes (Residential Reimbursem…,UNVERIFIED - per 'BMP Cheat Sheet' (not retrieved),UNVERIFIED,Project application after site visit; technical review. Plan…,No - must be installed by a licensed con…,No for new entrants - 2026-2027 site visit request form is F…,https://www.cleanwaterhoward.com/what-your-role/residential-properties/cleanscapes
Chesapeake,Virginia Conservation Assistance Program (VCAP) / Fairfax County CAP v…,Rain garden and conservation landscaping: 80% of actual costs (FY24 LP guide; VASWCD CL page),"$7,000 max per practice/application (FY24 guide; VASWCD CL page). FY26…",Yes - full design plan,Design certification waiver possible for…,Appears active (no closure noted); FY27 funding UNVERIFIED,https://www.fairfaxcounty.gov/soil-water-conservation/vcap
Chesapeake,"Arlington County Stormwater Utility Credit (fee credit, NOT a rebate)","Fee credit: rain garden 10%, conservation landscaping 5%, trees 5%, rainwater collection 5%; max 35%; max offs…",35% of stormwater utility fee,UNVERIFIED,UNVERIFIED,"Opens Nov 1, 2026",https://arlingtonva.us/files/sharedassets/public/v/2/environment/stormwater-utility/stormwater-credit-program-overview.pdf
Chesapeake,Delaware Community Conservation Assistance Program (DeCAP),Cost-share; rate UNVERIFIED,UNVERIFIED,"Yes - design plan with 'what to build and how to build it', …",Appears to involve a contractor; UNVERIF…,UNVERIFIED for 2026,https://dnrec.delaware.gov/watershed-stewardship/chesapeake/decap/
Chesapeake,Catch the Rain (White Clay Creek Wild & Scenic),"Rain garden & conservation landscape: 50% of total cost up to $2,500 (2019 handout - current amounts UNVERIFIE…","$2,500 per practice (2019 handout; UNVERIFIED for 2026)",Staff site visit produces written recommendations report; se…,Yes (keep receipts),2026 brochure posted; likely active - UNVERIFIED,https://www.whiteclay.org/catchtherain
Chesapeake,Anne Arundel County Stormwater Management Property Tax Credit / WPRF C…,"Property tax credit = 10% of materials+installation cost per year for 5 years (i.e., up to 50% total); WPRF fe…","$10,000 over 5 years (tax credit)",UNVERIFIED,UNVERIFIED,Appears ongoing; UNVERIFIED for 2026,https://www.aacounty.org/node/16080
Northeast,Town of North Hempstead Native Plant Residential Rebate 2026,"Up to $350 per household, native plant purchases only","Reimburses native plant costs up to $350. Ineligible: taxes, delivery …",TRUE,Yes - no professional design required; T…,"Open until Oct 1, 2026 (one day left) if funds remain; UNVER…",https://www.northhillsny.gov/wp-content/uploads/2026/04/TONH-2026-Native-Plant-Rebate-Program-Flyer.pdf
Northeast,Long Island Garden Rewards Program (LIGRP),Up to $500 per property,Reimbursement of plant/material costs. Rain gardens: native plants plu…,FALSE,Yes - DIY expected (labor not reimbursed…,"Yes (per page last modified Sept 1, 2026)",https://neiwpcc.org/long-island-garden-rewards-program/
Northeast,Peconic Estuary Homeowner Rewards Program,Up to $500 per native plant garden / per application; rain barrels up to $100 each or actual cost,$500 total per homeowner application,UNVERIFIED - application content not reviewed; page says app…,Yes (DIY rain barrel instructions provid…,Page states 'Applications for 2026 are now open!' (closing d…,https://www.peconicestuary.org/what-you-can-do/homeowner-rewards-program/
Northeast,Lawn Rebate Program (Native Plant Rebate) - Resilient Lambertville,$5.00 per sq ft of lawn replaced with native plant garden; $100 per tree (min 2-inch caliper),"Max $700 per residence (= 140 sq ft at $5). Hardscape, decorative ston…","Partial - no pre-approval plan, but application must include…",Yes - DIY or contractor,"Likely open until Oct 1, 2026 if funds remain (UNVERIFIED fu…",https://www.lambertvillenj.org/resident/lawn-rebate-program
Northeast,Rutgers Rain Garden Rebate Program,$3 per sq ft of rain garden,Up to $450 per lot/property (= 150 sq ft),TRUE,Yes - homeowner may design independently…,UNVERIFIED - pages undated; described as pilot,https://water.rutgers.edu/Projects/RGRebate/RGRebate.html
Northeast,Philadelphia Rain Check,Cost-share (not a reimbursement). Rain barrels free; metal downspout planter $100 homeowner cost; other tools:…,"Current caps UNVERIFIED; 2013 figures: rain garden $2,000 max, de-pavi…",FALSE,No - installs by program's pre-qualified…,Yes (workshops run through October),https://www.pwdraincheck.org/en/
Northeast,PWSA Stormwater Fee Credit Program (Residential),"Residential credit = 50% discount on monthly stormwater fee (per manual; web page says Tier 1 gets 50%, other …","Tiers by impervious area: Tier 1 400-1,014 sq ft = 0.5 ERU; Tier 2 1,0…",TRUE,Yes for rain gardens (no PE required); P…,Yes (ongoing program),https://www.pgh2o.com/your-water/stormwater/stormwater-fee/stormwater-credit-program
Northeast,Lancaster Stormwater Management Fee (SWMF) Credit Program + Residential Grant,SWMF credit: up to 50% of fee (Structural volume/GI up to 50%; peak rate 25%; water quality 25%; non-structura…,"Fee tiers: Tier 0 0-300 sq ft IA no fee; Tier 1 301-1,000 = 50% base r…",TRUE,Yes - sketch plan accepted for small pro…,Credit program active per City web page; Residential Grant 2…,https://cityoflancasterpa.gov/stormwater-information/stormwater-management-fee-credit-program
Northeast,Chester County Catch the Rain,50% of project costs,"Up to $2,500 per property owner",TRUE,DIY installation allowed; design comes f…,UNVERIFIED - fall round anticipated Sept 2026,https://www.chesco.org/5978/Catch-the-Rain
Northeast,Aquarion Lawn Irrigation System Removal Rebate Program (MA),"Up to $2,500 toward irrigation system removal and planting of native or alternative landscaping","$2,500 cap; issued as Visa gift card",UNVERIFIED,UNVERIFIED,Form is live online; funding status UNVERIFIED,https://www.aquarionwater.com/forms/LawnIrrigationSystemRemovalRebateProgramFormMA.aspx
Northeast,BLUE BTV Residential Stormwater Program (Burlington VT),"2026 max per practice: rain garden/bioretention $1,500; dry well $1,500; infiltration trench/basin $1,500; tre…","Site maximum $2,000",TRUE,Yes - homeowner designs accepted if appr…,Appears active (2026 rebate chart); UNVERIFIED,https://burlingtonvt.gov/DPW/BlueBTV
Northeast,Portland ME Stormwater Service Charge Credits,Credit of 0.5 Stormwater Billing Unit per whole 600 sq ft of impervious area treated (per UConn NEMO summary o…,"Charge was $6.00/month per 1,200 sq ft impervious (2015-2016); current…",UNVERIFIED,UNVERIFIED (staff offer engineering cons…,UNVERIFIED,https://nemo.uconn.edu/stormwater-utilities/credits
